Date,Close,High,Low,Open,Volume,SMA_5,SMA_10,RSI,MACD,Signal_Line,Close_Norm,SMA_5_Norm,RSI_Norm,MACD_Norm,Signal,Signal_Label
2025-01-23,443.4388122558594,443.4785278251988,438.266972657695,438.7633112450764,18389300,431.8185668945313,424.6375396728516,72.91087119994273,4.823450775811978,2.192377882466356,-0.38622301353329064,-0.5996051816159148,1.0439370298398167,0.29335774260609754,1,BUY
2025-01-24,440.8082580566406,443.3792885037775,438.1677329312852,441.9002090925553,15549500,435.68604736328126,426.57326354980466,69.89383583942936,5.580863873777616,2.870075080728608,-0.4359279235908531,-0.5261027911986491,0.8747132741777384,0.3903284314742034,1,BUY
2025-01-27,431.3778381347656,432.0131661377311,420.3988297966623,420.9051049056437,35647800,436.78394775390626,428.1228332519531,58.15035732714907,5.3583948955238725,3.3677390436876613,-0.6141178176295513,-0.5052369319388427,0.21602840611346916,0.3618459954944286,1,BUY
2025-01-28,443.9252624511719,445.0966142937209,428.2211016468738,431.4175234893937,23491700,440.4965576171875,431.1018585205078,62.579654867348395,6.123965642696248,3.918984363489379,-0.37703142827240815,-0.4346778943838096,0.4644651246575285,0.45986109838870637,1,BUY
2025-01-29,439.0909118652344,443.60761150041753,437.1750520555274,443.41900040059096,23581400,439.72821655273435,433.7483337402344,63.07996169491209,6.268336800802672,4.388854850952038,-0.4683775640532683,-0.4492803999037158,0.4925270431394194,0.47834476429291184,1,BUY
2025-01-30,411.95111083984375,419.7634757332681,410.1345248522129,415.7034295288443,54586300,433.43067626953126,432.62462158203124,45.283395080143514,4.1450156969996215,4.340087020161555,-0.9811901756876595,-0.5689666577412533,-0.5056720100957567,0.20649851463469737,1,BUY
2025-01-31,412.0205993652344,417.6093768911104,411.8717038429144,415.911907348454,34161900,427.67314453125,431.6795959472656,47.9720427589875,2.4397516296979234,3.9600199420688287,-0.9798771744556,-0.6783899241511103,-0.3548673281815582,-0.011824394953770719,1,BUY
2025-02-03,407.9109191894531,412.3680300232083,405.6674590737405,408.5859323997036,25679100,422.9797607421875,429.88185424804686,46.810455829221304,0.7480773563399339,3.3176314249230496,-1.0575305007254867,-0.7675888045150064,-0.4200200623376373,-0.22840741955234808,1,BUY
2025-02-04,409.3503112792969,410.8889791877868,406.739565274027,409.6679752687522,20532100,416.0647705078125,428.2806640625,48.32009088778319,-0.4710102678286603,2.559903086372708,-1.0303328651913097,-0.8990098462101155,-0.3353455114084385,-0.38448574328840546,1,BUY
2025-02-05,410.26361083984375,410.7996347714461,407.3947588943965,409.3304917519487,16316700,410.2993103027344,425.0137634277344,42.64409284791056,-1.347912455520202,1.778339977994126,-1.013075865686766,-1.0085837950259007,-0.6537089346579432,-0.49675447674283474,1,BUY
2025-02-06,412.7750244140625,415.1376009046221,410.9683447102107,410.9683447102107,16309800,410.46409301757814,421.9473846435547,45.09519397322681,-1.8192425743662284,1.0588234675220551,-0.9656221443907145,-1.0054520601565644,-0.5162281005377278,-0.5570983055352685,1,BUY
2025-02-07,406.7494812011719,415.58430218979566,405.1115698860282,413.4302096384315,22886800,409.4098693847656,418.5415069580078,39.397236663636946,-2.6484563132440826,0.3173675113688277,-1.0794761313314256,-1.0254878321978746,-0.835823206432316,-0.6632615441878051,1,BUY
2025-02-10,409.201416015625,412.41768060214906,407.9109477120237,410.6804954197058,20817900,409.66796875,416.32386474609376,41.234099335215255,-3.0723474190382376,-0.3605754747125854,-1.033146274506733,-1.0205825920904725,-0.7327946493301322,-0.7175318131392237,1,BUY
2025-02-11,408.4270935058594,409.4693924071674,406.3027498403555,406.6402867338733,18140600,409.4833251953125,412.7740478515625,27.113441663314674,-3.431212646077256,-0.9747029089855196,-1.0477772715471576,-1.024091786966655,-1.524814111525283,-0.763476896965014,1,BUY
2025-02-12,406.0447082519531,407.742177856358,401.4088921943929,404.2280919312538,19121700,408.63954467773436,409.46942749023435,25.799832200016226,-3.8633205490994555,-1.552426437008307,-1.0927929738668596,-1.040128037318956,-1.5984937010196485,-0.8187991525927035,1,BUY
2025-02-13,407.53369140625,407.9903144193584,403.3842778370556,404.0196057632089,23891700,407.5912780761719,409.027685546875,28.14289992181591,-4.039060898998002,-2.049753329406246,-1.0646583040761624,-1.0600505945579666,-1.4670723975629782,-0.8412989784306206,1,BUY
2025-02-14,405.4391479492188,405.91564391864586,402.9078331667541,404.8038502840872,22758500,407.32921142578124,408.3695404052734,31.144428657818978,-4.297806111029274,-2.499363885730852,-1.1042351712527865,-1.0650312338677195,-1.2987183994356042,-0.8744258170334761,1,BUY
2025-02-18,406.6403198242188,407.593281493885,403.5232987441634,405.012314606688,21423100,406.8169921875,408.24248046875005,17.542358873408446,-4.355728892694458,-2.870636887123573,-1.0815387599687003,-1.0747660828826266,-2.0616505691480453,-0.8818416011733545,1,BUY
2025-02-19,411.7327270507813,412.447455873821,404.6648699641124,404.89319663470326,24114200,407.4781188964844,408.48072204589846,26.290419236065276,-3.9452401378324,-3.0855575372653385,-0.9853165862351412,-1.0622012118065591,-1.570976959981114,-0.8292872191082709,1,BUY
2025-02-20,413.91107177734375,417.07410775463984,410.3402184035009,413.0755545581438,23508700,409.0513916015625,408.84546813964846,52.99386903472053,-3.4049010481396067,-3.149426239440192,-0.9441562753241141,-1.032300788123526,-0.07319601806557438,-0.7601082546955741,1,BUY
2025-02-21,406.03326416015625,415.8207899827264,405.71499358869687,415.1145844657973,27524800,408.7513061523438,408.1712921142579,42.61574534361338,-3.5711852630204817,-3.2337780441562503,-1.0930092125414412,-1.038003983789345,-0.655298929658863,-0.7813974229291317,1,BUY
2025-02-24,401.8457336425781,407.1870941067446,397.1906962904959,406.3316944915949,26443700,408.0326232910156,407.68091735839846,42.5340682014111,-3.9948156690954875,-3.385985569144098,-1.1721335384349485,-1.0516627232933646,-0.6598801529803106,-0.8356343148087495,1,BUY
2025-02-25,395.77825927734375,399.77684273234365,394.5846762878954,398.9612079589026,29387400,405.86021118164064,406.33860168457034,35.00231677273234,-4.7652099175878675,-3.661830438832852,-1.2867798238793267,-1.0929499345154257,-1.082331702655674,-0.934266964781383,1,BUY
2025-02-26,397.5985412597656,401.44790050472056,392.1477511905504,395.8877115559134,19619000,403.0333740234375,405.25574645996096,36.27959657159787,-5.169283088976044,-3.9633209688614905,-1.2523851886186081,-1.146674650160968,-1.0106898228738772,-0.9859999674029053,1,BUY
2025-02-27,390.4368896484375,403.5764407452776,390.0788238664077,399.1302751559888,21127400,398.3385375976562,403.6949645996094,28.01554339258182,-5.998255268158459,-4.370307828720884,-1.3877061978988507,-1.2359011382328027,-1.4742157510904665,-1.0921322794578792,0,HOLD
2025-02-28,394.87310791015625,395.5097097881717,384.50868780557136,390.5662102627109,32845700,396.10650634765625,402.42890625000007,37.93420760275143,-6.225492353270681,-4.741344733630844,-1.3038828614475686,-1.2783214254680375,-0.9178836541042594,-1.1212251704296594,0,HOLD
2025-03-03,386.4184265136719,396.693360360252,384.1008642400347,396.693360360252,23007700,393.021044921875,400.52683410644534,29.3698880811055,-7.00702884356798,-5.194481555618271,-1.4636359577732057,-1.3369613571154464,-1.3982513465453483,-1.2212843482326934,0,HOLD
2025-03-04,386.5377807617188,390.4866125450391,378.9683745181786,381.3555708063787,29342900,391.17294921875003,398.51658020019534,29.941188471635655,-7.52997044046873,-5.661579332588363,-1.4613807325564347,-1.3720848575434825,-1.3662074404771494,-1.2882359325470614,0,HOLD
2025-03-05,398.8816223144531,399.52818059067016,386.73673843465946,387.2639110911412,23433100,391.4295654296875,397.2314697265625,44.44931069463488,-6.869176975822825,-5.9030988612352555,-1.228141085060983,-1.3672078051378833,-0.5524553173457089,-1.2036353392402332,0,HOLD
2025-03-06,394.773681640625,400.0056131492676,390.586108729763,392.1775831353154,23304600,392.296923828125,395.31773071289064,40.49792058787876,-6.600879050427636,-6.042654899073732,-1.3057615430523335,-1.3507234515260724,-0.774086486374325,-1.1692854782233917,0,HOLD
2025-03-07,391.2127380371094,392.6947831487431,383.4841811851977,390.2280267594304,22034100,391.5648498535156,393.83567810058594,39.63235492814854,-6.599514307444792,-6.154026780747944,-1.3730463690351484,-1.3646366923377187,-0.8226355599545395,-1.1691107518190955,0,HOLD
2025-03-10,378.1328430175781,384.3395592028592,375.208517809933,383.7825477685313,32840100,389.90773315429686,391.4643890380859,32.290934812690296,-7.566647353019732,-6.436550895202302,-1.6201939114432249,-1.396130591163358,-1.2344115371573978,-1.2929316335920773,0,HOLD
2025-03-11,378.4213562011719,383.941750050896,374.9002238801034,376.9790758271751,30380200,388.2844482421875,389.72869873046875,27.993261363942892,-8.215127777465398,-6.792266271654921,-1.614742390297906,-1.4269815087911026,-1.47546553709543,-1.3759558031567165,0,HOLD
2025-03-12,381.2262878417969,383.1659020465141,376.92934634163805,380.9080172396425,24253600,384.7533813476563,388.0914733886719,28.584505631690973,-8.405821565713836,-7.114977330466705,-1.5617425794761852,-1.4940902788465606,-1.442302990573277,-1.4003700997393702,0,HOLD
2025-03-13,376.750244140625,383.2653352756173,375.4373059496749,381.1168495701804,20473000,381.14869384765626,386.7228088378906,29.918186485189764,-8.816496007703222,-7.455281065914009,-1.6463184265150115,-1.5625982261001052,-1.3674976084960617,-1.4529482551042545,0,HOLD
2025-03-14,386.4880676269531,388.1491759928466,377.4863373507309,377.7548866940246,19952800,380.203759765625,385.8843048095703,40.21300958766914,-8.26097016695985,-7.616418886123178,-1.4623200733588184,-1.5805569241148076,-0.7900669783884149,-1.3818249492020873,0,HOLD
2025-03-17,386.6273193359375,390.61591588488574,383.5140048019888,384.6379840789578,22474300,381.90265502929685,385.9051940917969,43.69173662896592,-7.720478615040122,-7.637230831906567,-1.4596888811665092,-1.5482690136890285,-0.5949472053303685,-1.3126264652336659,0,HOLD
2025-03-18,381.4749450683594,385.3044217812384,379.0678662350177,385.0060336134189,19486900,382.51337280273435,385.39891052246094,39.373279786643124,-7.620049521746978,-7.63379456987465,-1.557044145554876,-1.5366621764779087,-0.8371669337057475,-1.2997686490892224,0,HOLD
2025-03-19,385.75201416015625,387.6020814133235,381.9523764633006,383.4742167490776,19185500,383.41851806640625,384.08594970703126,46.790252615876945,-7.113336891225742,-7.529703034144869,-1.476227968271442,-1.5194596744633984,-0.42115324880383537,-1.2348948398406223,0,HOLD
2025-03-20,384.7772521972656,389.700869489674,381.2362375881449,383.6831116484138,18470500,385.0239196777344,383.0863067626953,42.738615068916694,-6.7130349368175075,-7.366369414679397,-1.4946463136176056,-1.4889486332400956,-0.6484072383498636,-1.1836446615977625,0,HOLD
2025-03-21,389.1736755371094,389.6510965833373,380.7587653391681,381.1765391094654,39675900,385.5610412597656,382.8824005126953,52.10455549230008,-5.9721943934409865,-7.087534410431716,-1.4115749111174019,-1.4787405092319719,-0.12307709655049091,-1.0887957369810637,0,HOLD
2025-03-24,390.9839477539063,393.29158399443577,387.73139545576913,393.29158399443577,21004500,386.4323669433594,384.1675109863281,53.310619001834986,-5.179295393234099,-6.705886606992193,-1.377369412617383,-1.462180756417809,-0.055429696947008854,-0.9872818306868496,0,HOLD
2025-03-25,393.0528869628906,394.2464699747621,390.54633531859656,391.8195087441688,15775000,388.7479553222656,385.6306640625,44.87585353939081,-4.334011334882518,-6.231511552570258,-1.338276343435356,-1.418172445982292,-0.5285307776849928,-0.8790611283412724,0,HOLD
2025-03-26,387.89056396484375,393.2020858372719,386.4980352565975,392.89374127883343,16108400,389.1756652832031,386.2970916748047,44.059063245975636,-4.03417054445265,-5.792043350946737,-1.4358195913114924,-1.4100437159762318,-0.574344069384871,-0.8406728722141505,0,HOLD
2025-03-27,388.4972839355469,390.1484359049866,385.334248040344,388.049701698404,13766800,389.9196716308594,387.4717956542969,47.53029810628176,-3.7048797788522734,-5.374610636527844,-1.4243554817398736,-1.3959036975636676,-0.3796445283936847,-0.7985141711513613,0,HOLD
2025-03-28,376.7800903320313,387.0550240639985,374.920066699825,386.01060482786494,21632000,387.4409545898437,386.50099792480466,48.73840134566798,-4.33937248894614,-5.167563007011504,-1.6457544760517016,-1.443012307201081,-0.3118827215311786,-0.8797475104543804,0,HOLD
2025-03-31,373.3883056640625,375.0593400396717,365.281739990126,370.5534967757106,35184700,383.921826171875,385.1770965576172,45.56292900497987,-5.057600340863928,-5.145570473781989,-1.7098430061059684,-1.5098941836568485,-0.4899931151066968,-0.9717013593537396,0,HOLD
2025-04-01,380.1520080566406,380.8084923075966,371.2397949635195,372.6522059403994,19689500,381.341650390625,385.0448028564453,49.11472153411474,-5.023123391923036,-5.1210810574101995,-1.5820413363365105,-1.5589310408953054,-0.2907751414033852,-0.9672873170063752,0,HOLD
2025-04-02,380.1023254394531,383.0266205201498,374.6117403662579,375.95454781806535,16092600,379.78400268554685,384.479833984375,52.97971672098258,-4.9428312516233746,-5.085431096252835,-1.5829801005024275,-1.588534507719849,-0.0739898130980717,-0.9570076107582717,0,HOLD
2025-04-03,371.1204223632813,375.4671453752222,367.38049274092737,372.7914870401276,30198000,376.3086303710937,383.11415100097656,36.15337869439177,-5.54010083152059,-5.176365043306386,-1.752695168406922,-1.6545847889730736,-1.0177693100724885,-1.0334753174274065,0,HOLD
2025-04-04,357.92120361328125,372.5925514540549,357.5631378295283,362.1883363320907,49209900,372.53685302734374,379.98890380859376,29.06263744084444,-6.997841162419888,-5.540660267129086,-2.002097359395304,-1.7262683186320906,-1.4154848559549653,-1.2201080604546977,0,HOLD
2025-04-07,355.9517822265625,369.021730877009,342.9514979578054,349.00902084094025,50425000,369.04954833984374,376.4856872558594,30.47774885261296,-8.217302772607184,-6.075988768224706,-2.0393100170631704,-1.7925453774862323,-1.336112081305421,-1.376234265171369,0,HOLD
2025-04-08,352.6693725585937,371.65757505461033,348.38235725741856,366.2963320079612,35868900,363.5530212402344,372.4473358154297,24.30464693284739,-9.340921582904059,-6.7289753311605764,-2.1013318820249025,-1.8970081883728112,-1.6823577715679845,-1.5200898313773188,0,HOLD
2025-04-09,388.4077758789063,391.1331859860626,351.2171667990214,351.65482301024804,50199700,365.214111328125,372.4990570068359,51.83103810887154,-7.263873701226771,-6.835955005173816,-1.4260467564933335,-1.8654387743460485,-0.13841852723719206,-1.254167886748598,0,HOLD
2025-04-10,379.3165283203125,381.8529187789652,365.838762955237,380.02273387837465,38024400,366.85333251953125,371.5809814453125,45.253375031041244,-6.279005522806415,-6.724565108700337,-1.5978279128538995,-1.8342849839223985,-0.5073558171603784,-1.128076397226943,0,HOLD
2025-04-11,386.378662109375,387.9701060709541,376.8696417711553,378.61031016462425,23839200,372.54482421875,372.54083862304685,47.889131340895425,-4.872468436622455,-6.354145774284762,-1.4643873150878186,-1.7261168242347513,-0.3595177813185815,-0.9479991440976545,0,HOLD
2025-04-14,385.7420654296875,392.5455886279536,382.1612557582716,391.1232211496066,19251200,378.502880859375,373.7762145996094,46.604442435113214,-3.7657366263209155,-5.836463944691992,-1.4764159517592117,-1.6128825341417634,-0.43157523359082767,-0.8063056002106501,0,HOLD
2025-04-15,383.6731872558594,389.80034400082167,382.1115516637576,386.438362279428,17199900,384.7036437988281,374.1283325195312,47.983260744045396,-3.020763391360788,-5.273323834025752,-1.5155078676683087,-1.4950355528464954,-0.35423811793520055,-0.7109275720561091,0,HOLD
2025-04-16,369.6284484863281,379.5751254610235,366.0377126687907,378.6401657518634,21967800,380.9477783203125,373.08094482421876,42.00454876942317,-3.5230482699003574,-4.923268721200674,-1.7808863485712445,-1.5664166737046987,-0.6895805894252455,-0.7752345015386312,0,HOLD
2025-04-17,365.8188781738281,372.3240133010547,364.9336397230584,371.7570454382328,21120200,378.2482482910156,372.55079040527346,45.021690016975064,-4.180324957275843,-4.7746799684157075,-1.8528690318389032,-1.6177218869461882,-0.5203508946208657,-0.8593848460770868,0,HOLD
2025-04-21,357.2050476074219,362.5364820854384,353.7734623702264,360.88533011613976,20807300,372.413525390625,372.4791748046875,42.98282270252402,-5.334789473112096,-4.886701869354985,-2.0156292873323887,-1.7286121898362468,-0.6347097744549266,-1.0071895509008004,0,HOLD
2025-04-22,364.864013671875,365.80892977570767,357.94110461161955,361.44235434917846,19485000,368.2379150390625,373.3703979492187,43.42208545932361,-5.567517490655803,-5.022864993615149,-1.8709114102095274,-1.8079706623019454,-0.610071782338236,-1.036985439354192,0,HOLD
2025-04-23,372.3936462402344,378.3616523034824,371.0309260243866,374.05472426245655,20545500,365.9820068359375,375.3428253173828,46.8837944626568,-5.085752313868966,-5.035442457665913,-1.7286373184276713,-1.8508447367365601,-0.41590654111494685,-0.9753056226317673,0,HOLD
2025-04-24,385.2347717285156,386.3786638188774,373.1893609627435,373.6966511817788,22232300,369.103271484375,375.02552490234376,55.533035216624825,-3.6259803863939624,-4.753550043411523,-1.4860013797260656,-1.7915243562876284,0.06922433377241977,-0.7884127767359395,0,HOLD
2025-04-25,389.7605285644531,390.068873110604,382.54918803088736,384.93638434344297,18973200,373.8916015625,376.06992492675784,63.39219263064114,-2.0799336826690364,-4.218826771263026,-1.4004861918848568,-1.700520999013316,0.5100398944203417,-0.5904742748996907,0,HOLD
2025-04-28,389.07421875,390.64578035007287,384.5783317017626,389.8699407631016,16579400,380.26543579101565,376.3394805908203,64.08391414526648,-0.8996889434942545,-3.554999205709272,-1.4134541693586324,-1.579384756515184,0.5488381511823183,-0.4393689590579931,0,HOLD
2025-04-29,391.9388732910156,392.9932186361511,388.29838582664536,389.2134631219311,14974000,385.68040771484374,376.95916137695315,66.75722563180315,0.26377654424214825,-2.791244055718988,-1.3593258809738287,-1.4764719212313933,0.6987826350047858,-0.29041187061695845,0,HOLD
2025-04-30,393.15234375,394.54487238441686,382.39003252749313,388.21877036685504,36461100,389.8321472167969,377.9070770263672,52.870384242572854,1.2691186405444341,-1.9791715164663037,-1.3363970851941254,-1.3975671199663007,-0.0801222081155397,-0.16169912998917357,0,HOLD
2025-05-01,423.1316223144531,434.65981700987567,422.6342884776108,428.8111662318345,58938100,397.41151733398436,383.2573944091797,71.1595683846014,4.433826337768494,-0.6965719456193442,-0.7699319102590099,-1.2535193798491975,0.9457074752272374,0.24347459395392135,0,HOLD
2025-05-02,432.9589538574219,437.0967751187732,427.6971532418887,429.4378217113229,30757400,406.05120239257815,389.9714019775391,71.90979784270326,7.646716920642177,0.9720858276329603,-0.5842422823493556,-1.0893201009154818,0.9877874084523883,0.6548171148529267,2,SELL
2025-05-05,433.8442077636719,437.1564377240829,429.80582912695047,430.5617862640975,20136100,415.0052001953125,397.63531799316405,72.57282268491471,10.147415359339277,2.807151733974224,-0.5675152117566531,-0.9191472331764396,1.0249760855772025,0.9749785312625169,2,SELL
2025-05-06,430.99945068359375,435.3958951923776,428.8708776295015,429.8953841273505,15104200,422.81731567382815,404.2488616943359,72.04817426192386,11.764079778034898,4.598537342786359,-0.6212675331659178,-0.7706761118543424,0.9955488611890896,1.1819581342962397,2,SELL
2025-05-07,431.0392456054688,435.7837995157977,428.8111693588705,431.5266230555768,23295300,430.3946960449219,410.11342163085936,82.90343603732362,12.899808136558136,6.258791501540715,-0.6205155992148382,-0.6266661873371873,1.604414169952183,1.3273640714114674,1,BUY
2025-05-08,435.8335571289063,441.30422944958144,433.3369315017373,435.5948162408885,23491300,432.9350830078125,415.1733001708984,87.12161048798069,14.025069642837082,7.812047129799989,-0.529926010476781,-0.5783855260989236,1.8410091174030316,1.471429950010232,1,BUY
2025-05-09,436.3905334472656,438.3897947111605,433.55572467490674,437.6537503899646,15324200,433.62139892578125,419.8363006591797,95.90589639093689,14.791286088903803,9.207894921620753,-0.5194018183440113,-0.5653419280873152,2.333714596020543,1.5695277209581178,1,BUY
2025-05-12,446.8644104003906,446.9738092745622,437.43494989219903,443.5621064267163,22821900,436.225439453125,425.6153198242188,96.03529465482764,16.058559402294804,10.578027817755563,-0.3214955702751943,-0.5158515156470257,2.3409724692554197,1.7317752005881406,0,HOLD
2025-05-13,446.74505615234375,448.2668964878236,442.9851831830833,445.392292323668,23618800,439.374560546875,431.09593811035154,95.52930744992423,16.858912691833268,11.834204792571105,-0.32375079549196417,-0.4560017167988177,2.3125919417179026,1.8342434705888269,0,HOLD
2025-05-14,450.5247802734375,451.4796527444761,445.750387563396,445.750387563396,19902800,443.27166748046875,436.8331817626953,94.97123795336266,17.595362205355798,12.986436275128044,-0.25233206268761443,-0.3819362683381498,2.281290148784152,1.9285302169293304,2,SELL
2025-05-15,451.5411987304688,454.5904670438241,448.8506535548848,449.1894577663049,21992300,446.41319580078124,439.67413940429685,94.71577702005509,18.05291743098013,13.999732506298463,-0.23312660856597278,-0.3222307719633645,2.2669614938651415,1.9871104626937177,1,BUY
2025-05-16,452.6772155761719,452.7668963665248,447.1566619661563,450.4649981824022,23849800,449.6705322265625,441.6459655761719,95.73700653664282,18.296292043522726,14.859044413743316,-0.21166131613583905,-0.26032431487257046,2.3242416624875406,2.018269421912475,0,HOLD
2025-05-19,457.2610473632813,457.9785240250479,449.2193361148497,449.299072638698,21336500,451.74985961914064,443.98764953613284,95.83986689528665,18.644127201113008,15.616060971217255,-0.12504878910068576,-0.22080620093520614,2.330011040077962,2.062802339199847,2,SELL
2025-05-20,456.56353759765625,456.73292449884485,452.727030722745,453.9925667897047,15441800,453.71355590820315,446.54405822753904,94.82342503557187,18.64853713300863,16.222556203575532,-0.13822839215731977,-0.1834856837494375,2.272999408340304,2.0633669374817205,1,BUY
2025-05-21,450.983154296875,456.17487788050977,450.2258093649285,452.97614166677727,19216900,453.80523071289065,448.5384490966797,80.05417817109725,17.994314484340237,16.576907859728475,-0.2436709829750389,-0.1817433821812682,1.444600956198367,1.9796075978493748,0,HOLD
2025-05-22,453.26513671875,458.63625267798704,452.3085112248664,453.3548479183862,18025600,454.1500183105469,450.28160705566404,76.17437807863313,17.458721952976475,16.753270678378076,-0.20055241462699963,-0.17519061150311352,1.226985229363419,1.9110363295963497,0,HOLD
2025-05-23,448.6015625,452.0992653985463,447.3360263474386,448.4022819903825,16883500,453.3348876953125,451.5027099609375,67.333651139062,16.468115365905476,16.696239615883556,-0.2886716927466365,-0.19068236361566923,0.7311140058844304,1.784210158510098,0,HOLD
2025-05-27,459.0746765136719,459.3337746022176,454.5206930911693,454.879446629969,20974300,453.69761352539064,452.72373657226564,77.96511657544255,16.339790350163753,16.624949762739597,-0.09077986058945828,-0.18378867254411535,1.3274267083745206,1.7677808609327144,2,SELL
2025-05-28,455.7563781738281,460.8982897002573,455.3278931492698,459.6028599574514,17086300,453.536181640625,453.62486877441404,73.11076246701307,15.788334811003494,16.457626772392377,-0.15347985003467735,-0.18685672408715903,1.0551488145541792,1.6971786708515906,1,BUY
2025-05-29,457.0717468261719,460.1010963469304,453.71356774793736,459.9316790284528,13974800,454.7539001464844,454.2795654296875,71.23970642881511,15.281288400042058,16.222359097922315,-0.12862566509649948,-0.16371369291758292,0.9502023714391765,1.6322621280942828,0,HOLD
2025-05-30,458.7458190917969,460.0611980570071,453.942742633105,458.1080789456966,34770500,455.85003662109375,455.0000274658203,71.86826818690575,14.84342830552049,15.946572939441952,-0.09699369514223552,-0.1428813573031299,0.985458034253668,1.5762034263004348,2,SELL
2025-06-02,460.3502197265625,460.4897130383124,455.2880448481698,455.5371682861151,16626500,458.19976806640625,455.7673278808594,65.96178586554615,14.459206022209685,15.649099555995498,-0.06667818623882442,-0.09822414973230345,0.654166881934503,1.527011909027762,1,BUY
2025-06-03,461.3467102050781,462.5126212670428,459.24409259023946,459.85196958801225,15743800,458.6541748046875,456.17589416503904,66.93095160937952,14.07289200910185,15.333858046616768,-0.04784927572918862,-0.08958804109380787,0.7085268238751927,1.4775525901024789,2,SELL
2025-06-04,462.2435302734375,464.0571561158632,461.3965045417047,462.3730793208357,14162700,459.95160522460935,456.7438934326172,64.5616930170479,13.681390699338351,15.003364577161085,-0.03090365991604229,-0.06493006595084465,0.5756364897490515,1.4274291478191314,2,SELL
2025-06-05,466.0401611328125,468.00325491639626,462.4029652503908,463.3296970825432,20131700,461.7452880859375,458.2495941162109,66.85201078959116,13.521610759395799,14.707013813608027,0.040834529490222676,-0.03084069458274281,0.704099079283775,1.4069727140907609,2,SELL
2025-06-06,468.730712890625,471.6803257365932,467.1363168836836,468.4417212017894,15285600,463.7422668457031,459.79615173339846,68.00808449912404,13.456965524914267,14.457004155869276,0.09167310683905833,0.0071123639113629894,0.7689425801289408,1.398696262394122,2,SELL
2025-06-09,471.0924072265625,471.77001565920176,466.9768832876908,468.05311353771793,16469900,465.8907043457031,462.0452362060547,66.3294791220714,13.441359085666875,14.253875141828797,0.13629784963511674,0.047943931953679235,0.6747905824768249,1.3966981887290866,1,BUY
2025-06-10,469.2688293457031,471.1422119678432,465.3226923748716,469.53787169847936,15375900,467.4751281738281,463.0646514892578,64.61152292548384,13.130483336949624,14.029196780852963,0.10184093763611857,0.07805628539470491,0.5784314202825777,1.3568971401514085,1,BUY
2025-06-11,470.9628601074219,473.8028733097887,468.01324719222674,468.37197033665615,16399200,469.218994140625,464.5852996826172,75.23288661146512,12.872420935476953,13.797841611777763,0.13385002783885286,0.11119887477882533,1.1741775214779997,1.3238577209639444,2,SELL
2025-06-12,477.1909484863281,478.7355320169793,471.8597009390277,473.3544415367432,18950600,471.44915161132815,466.5972198486328,77.47774268140154,13.020368600612187,13.642347009544649,0.25153115100142576,0.15358355039079705,1.300090190599257,1.3427992827657214,2,SELL
2025-06-13,473.2946472167969,477.4998519181197,471.1023792861798,474.7395752703882,16814500,472.3619384765625,468.05210266113284,78.86767382212471,12.6770856888254,13.449294745400799,0.1779096668986713,0.1709312828689115,1.3780506185157633,1.2988491840388519,1,BUY
2025-06-16,477.46002197265625,479.00457509504827,473.3345233196989,473.5437784887318,15626100,473.6354614257813,469.76308288574216,75.21185959011298,12.595944234886417,13.278624643297924,0.25661535471818864,0.19513489081863195,1.1729981281005917,1.288460741185993,2,SELL
2025-06-17,476.3638610839844,477.06138843382047,472.4177241014044,473.7331030955977,15414100,475.0544677734375,471.2647979736328,80.0930868988942,12.301385312790728,13.083176777196485,0.23590314951206337,0.22210344551794475,1.4467833240724755,1.2507487163153042,1,BUY
2025-06-18,478.5561218261719,479.313466764918,472.7963894918646,476.3239856832242,17526500,476.5731201171875,472.89605712890625,80.59018190993024,12.105300002117701,12.88760142218073,0.2773264066513828,0.2509657961827652,1.4746650936365175,1.2256441495947763,1,BUY
2025-06-20,475.7261047363281,481.76485435953526,475.1979642712812,480.53918652379775,37576200,476.2801513671875,473.8646514892578,73.4066200054221,11.587963423886436,12.62767382252187,0.22385260065497922,0.24539785508608575,1.0717432915184775,1.1594101690859915,1,BUY
2025-06-23,484.2959289550781,486.0397928967888,470.8532389300749,476.5332346653025,24864000,478.48040771484375,475.4211730957031,77.69069679736991,11.73421888091167,12.448982834199832,0.38578134636514017,0.28721425270987716,1.3120346628979622,1.1781350795167058,2,SELL
2025-06-24,488.3915100097656,490.1254297173699,485.0931183138473,487.23560408546166,22305600,480.6667053222656,477.1510833740234,79.18278043509528,12.041796216209548,12.367545510601776,0.46316826658794247,0.3287653611401662,1.3957247648578077,1.2175138361874873,2,SELL
2025-06-25,490.5439453125,492.8259244123759,487.6740689863978,490.314771223071,17495100,483.5027221679687,479.2785949707031,79.73199306156206,12.31725140372697,12.357486689226816,0.5038390131397179,0.3826645389400704,1.4265297811079085,1.2527800328740801,2,SELL
2025-06-26,495.705810546875,496.29373818928514,491.0820651135433,491.2514824256969,21578900,486.9326599121094,481.7528900146484,80.2971859482845,12.804469060464555,12.446883163474364,0.601373611468871,0.44785132532821903,1.458231120845732,1.3151579240532096,2,SELL
2025-06-27,494.20111083984375,497.54931522943417,491.30131038962224,495.80545117387857,34539200,490.6276611328125,483.45390625,76.65834071051485,12.92023939540502,12.541554409860495,0.572941973898415,0.5180757064235871,1.2541304114315512,1.3299798609325972,1,BUY
2025-06-30,495.66595458984375,499.0042146991214,493.5932305818623,495.2972567719388,28369000,492.90166625976565,485.6910369873047,76.21174970152234,12.980557086365138,12.629354945161424,0.6006205242448615,0.5612937172196956,1.2290813819187616,1.3377022624319195,2,SELL
2025-07-01,490.3247375488281,496.30370004913976,489.2585123483102,494.7292533047111,19945400,493.28831176757814,486.9775085449219,70.89182371818399,12.453807968188926,12.594245549766924,0.49969703340766525,0.5686420074820382,0.9306898328745354,1.2702632057435548,1,BUY
2025-07-02,489.36810302734375,491.76965656989233,486.9864988221965,488.2719538404123,16319600,493.0531433105469,488.27793273925784,68.53300799183847,11.822876327240806,12.439971705261701,0.481621210122039,0.5641725747642244,0.7983852330175955,1.1894857858444878,1,BUY
2025-07-03,497.0909423828125,498.3764278450543,491.7098821739863,492.07857999859937,13984800,493.3301696777344,490.13141479492185,69.45256354429429,11.809889989301894,12.313955362069741,0.6275459873672984,0.569437527066226,0.8499625682265578,1.1878231606018128,2,SELL
2025-07-07,495.974853515625,497.0012408266234,493.4935938943106,495.6360493014733,13981600,493.68491821289064,492.1562896728516,73.44457320129438,11.576097136960982,12.16638371704799,0.6064572385491683,0.576179607741668,1.0738720641636188,1.15789094262878,1,BUY
2025-07-08,494.8786926269531,496.4531696907806,492.3774837277821,495.4965138505155,11846600,493.5274658203125,493.2145660400391,69.22563896942464,11.173561730053848,11.967819319649163,0.5857450333430431,0.5731871873985211,0.8372345010271964,1.1063548181460754,1,BUY
2025-07-09,501.74456787109375,505.003091421344,497.9877670451218,498.54580110123976,18659500,495.8114318847656,494.54987182617185,74.84877256200906,11.27855609762156,11.829966675243643,0.7154772819991656,0.6165945081919159,1.1526327882268579,1.1197971208705184,2,SELL
2025-07-10,499.7216796875,502.67129257213526,496.0047471787155,501.2861517097084,16492100,497.88214721679685,495.4676452636719,70.7909177866871,11.070916090641504,11.678156558323217,0.6772543572436541,0.6559489478607917,0.9250300779641464,1.0932132202652665,1,BUY
2025-07-11,501.5552368164063,503.259232597868,496.054571905536,496.72223609239006,16459500,498.77500610351564,496.052587890625,75.87855466475625,10.928337553112442,11.528192757281062,0.7118998293668886,0.6729179443455602,1.2103926664242481,1.0749590614196698,2,SELL
2025-07-14,501.2562561035156,502.2029372942231,499.273243347857,499.7615155353931,12058800,499.83128662109374,496.7581024169922,70.36852426657116,10.668240949141307,11.35620239565311,0.7062505219138846,0.6929928079733192,0.901338271505112,1.0416592057305092,1,BUY
2025-07-15,504.0464477539063,506.51773265302506,501.027073076573,501.2562471634966,14927200,501.6648376464844,497.5961517333984,69.40938054022756,10.56546555404816,11.19805502733212,0.7589718173227452,0.727839883325661,0.8475404586866484,1.028500995385794,2,SELL
2025-07-16,503.8471374511719,504.9432865983328,500.1302354297381,503.4086777923076,15154400,502.0853515625,498.9483917236328,67.33308042143966,10.34863995762828,11.028172013391353,0.7552058045662308,0.7358318507785346,0.7310819946654906,1.0007410748014427,1,BUY
2025-07-17,509.9058532714844,511.5699807689203,503.84715436950415,503.9069415603956,17503100,504.1221862792969,501.0021667480469,68.07909141111807,10.544145496439626,10.931366710001008,0.8696865953449958,0.7745423812593346,0.7729253164544283,1.0257714140271401,2,SELL
2025-07-18,508.2616271972656,512.8355602906365,505.6508184267905,512.6760872301095,21209700,505.4634643554688,502.1192352294922,67.83807492651908,10.445994815839128,10.834292331168633,0.8386185758540406,0.8000336915864346,0.7594068422482221,1.0132053003221255,2,SELL
2025-07-21,508.2715759277344,510.2944873398053,503.77737959397786,504.9333159392007,14066800,506.8665283203125,503.3489074707031,66.6052937492469,10.25084708941364,10.717603282817635,0.8388065593418103,0.8266992574910695,0.6902608642269303,0.9882207713862623,1,BUY
2025-07-22,503.4983825683594,509.4076135762761,503.4983825683594,509.1784090675831,13868600,506.7569152832031,504.21087646484375,67.6171897065505,9.600367239877471,10.494156074229604,0.7486160030379143,0.824616035529501,0.7470175189467654,0.9049406178296813,1,BUY
2025-07-23,504.0962829589844,505.0130705796572,498.9444273574923,504.97320231513,16396600,506.80674438476564,504.4460479736328,69.88688759055304,9.02902189331212,10.201129238046107,0.7599134646709889,0.8255630495110284,0.8743235509462797,0.8317919596049429,1,BUY
2025-07-24,509.0887145996094,511.86891017220256,505.5212500656798,506.9860970449216,16107000,506.6433166503906,505.38275146484375,67.48973460777083,8.876748468978121,9.93625308423251,0.854246577343403,0.8224570663692634,0.7398686367108912,0.812296576050534,2,SELL
2025-07-25,511.9088439941406,516.4727417364818,508.5705533229623,510.6731406114392,19125700,507.3727600097656,506.41811218261716,72.12838507980908,8.881253988861715,9.72525326515835,0.9075335531249681,0.8363203117098127,1.0000478392338659,0.8128734123476545,2,SELL
2025-07-28,510.7030334472656,513.1942677567645,508.3313735189307,512.2775105607909,14308000,507.8590515136719,507.3627899169922,71.90938311633292,8.687383067779194,9.517679225682521,0.8847494930981182,0.8455623979376641,0.9877641466918935,0.7880523512657148,1,BUY
2025-07-29,510.7727966308594,515.8050777848653,509.7663282358281,513.7224399565682,16469200,509.3139343261719,508.0354248046875,65.39757518000482,8.442053533795729,9.302554087305163,0.8860676840583677,0.8732127934237741,0.6225206332887023,0.7566431058038054,1,BUY
2025-07-30,511.4404296875,514.1409495778635,507.6537656967309,513.3636552782116,26380400,510.782763671875,508.7947540283203,70.95493375997992,8.20689652412426,9.083422574668983,0.8986827600152263,0.9011282461058407,0.9342296383512873,0.7265362364068352,0,HOLD
2025-07-31,531.62939453125,553.5024436401114,530.0350289229713,553.2831833968122,51617300,515.2908996582031,510.96710815429685,82.46543172080825,9.53964652944859,9.174667365624904,1.280157767073401,0.9868064477150432,1.5798467630178743,0.8971666182320185,2,SELL
2025-08-01,522.2723388671875,533.9213535531813,519.0337340919326,533.1241706958108,28977600,517.3635986328125,512.3681793212891,68.9760528268958,9.728678172618515,9.285469527023627,1.1033541070978872,1.0261985869850945,0.8232353597003429,0.9213681123774092,2,SELL
2025-08-04,533.7619018554688,536.3627358241171,526.2782244119826,526.4177481275262,25349000,521.9753723144531,514.9172119140625,73.1881531447566,10.682458095277013,9.564867240674305,1.3204519700131716,1.1138464477572485,1.0594896125814068,1.0434794098677507,2,SELL
2025-08-05,525.8995361328125,535.41603854948,525.3913146279989,535.2964641743647,19171600,525.0007202148438,517.1573272705078,65.37015978212938,10.68078688762921,9.788051170065286,1.1718908108474133,1.171343907490883,0.620982919593937,1.0432654471606304,2,SELL
2025-08-06,523.0994262695312,529.8357336828143,522.1926437275052,529.0385508551038,21355700,527.33251953125,519.0576416015625,59.633285087163465,10.334388580433881,9.897318652139006,1.1189821085872496,1.2156603106670825,0.29920496022667287,0.9989164881028868,1,BUY
2025-08-07,519.0138549804688,526.2384349946553,515.7353514691818,524.9529190734887,16079100,524.8094116210938,520.0501556396484,57.58048572803673,9.619308566490304,9.841716635009266,1.0417843251251482,1.1677080419547508,0.1840646401234892,0.9073656531171032,2,SELL
2025-08-08,520.2095947265625,522.8204035830947,517.5888112007746,520.7676288144971,15531000,524.3968627929687,520.8802307128906,58.278077014151066,9.044825588684546,9.682338425744323,1.0643780951183661,1.159867452900442,0.22319212894858562,0.8338152877346545,1,BUY
2025-08-11,519.9405517578125,525.7401525514866,517.8976909591346,520.4686618064882,20194400,521.6325927734375,521.8039825439453,62.16099331274071,8.470195034905771,9.439909747576614,1.0592944680380687,1.107331840675361,0.44098264196962855,0.7602460283776994,1,BUY
2025-08-12,527.3843383789062,529.1182277589118,520.8672912006765,521.9135974657331,18667000,521.9295532226563,523.46513671875,65.64049105328375,8.517265812574976,9.255380960576288,1.1999464814423302,1.1129756449694832,0.6361456430993927,0.7662724434851225,2,SELL
2025-08-13,518.7547607421875,530.8322607629538,517.5489813455309,530.2443026581628,19619200,521.0606201171875,524.1965698242187,56.189429515077805,7.7686824130894365,8.958041251078917,1.0368886815326204,1.0964613636742757,0.10604110756074145,0.670432210304161,1,BUY
2025-08-14,520.6480102539062,524.1058750288076,518.3162490497452,520.7277467800332,20269100,521.387451171875,523.0984313964843,55.6631456110456,7.244681905446328,8.6153693819524,1.0726620545824714,1.102672865962714,0.07652214999384165,0.6033450549197757,1,BUY
2025-08-15,518.3461303710938,524.255330935539,517.2599862571353,520.9370505811125,25213300,521.0147583007813,522.705810546875,54.88349944830454,6.567953973986505,8.205886300359222,1.029167519258893,1.0955897488951014,0.03279225094349702,0.5167043909727094,1,BUY
2025-08-18,515.286865234375,520.9868407954262,512.2177084457264,519.7611730136332,23760600,520.0840209960937,520.8583068847656,52.77810018409153,5.718861606819814,7.708481361651341,0.9713620201332704,1.0779008640260408,-0.08529836719154454,0.40799611542538056,1,BUY
2025-08-19,507.9826049804688,513.3536904476517,506.7668813962475,513.1942782099028,21481000,516.2036743164062,519.0666137695313,48.03265377928031,4.405770055516314,7.047939100424336,0.8333463886495093,1.0041539481956128,-0.3514676913649998,0.23988258184800532,0,HOLD
2025-08-20,503.9468078613281,509.2082935133009,502.6712971096552,508.0822507382742,27723000,513.2420837402344,517.1513519287109,30.702884106604557,3.004842488090503,6.2393197779575695,0.7570890992627203,0.9478682116431449,-1.323484376071661,0.06052350866524443,0,HOLD
2025-08-21,503.2980041503906,506.68168580920974,501.7808546744913,502.7490438063696,18443300,509.77208251953124,515.5797668457031,34.94554739231812,1.8212500239859537,5.355705827163247,0.7448298080051067,0.881920009310025,-1.085515864129562,-0.09101041237677575,0,HOLD
2025-08-22,506.2824401855469,509.77590173606455,501.471437254012,503.3079962424447,24324200,507.3593444824219,514.1870513916016,24.795906193616247,1.111253674298382,4.506815396590274,0.8012213945171981,0.8360653464070942,-1.6548033258365509,-0.18191039193610445,0,HOLD
2025-08-25,503.3179931640625,507.2406441544574,503.1782400793436,505.6835608535286,21638600,504.9655700683594,512.5247955322266,27.24367332312015,0.30584476414787787,3.666621270101795,0.7452075048900425,0.7905710916914007,-1.5175094935990818,-0.28502592696920465,0,HOLD
2025-08-26,501.1021423339844,504.0366525259624,497.5787379824689,503.4177851675948,30835700,503.5894775390625,509.8965759277344,27.568307380511,-0.505422052348365,2.832212605611763,0.7033385077628522,0.7644181243639782,-1.499300958450143,-0.3888914427132231,0,HOLD
2025-08-27,505.7933349609375,506.3423257667597,498.96611661319633,501.0621996360583,17277900,503.9587829589844,508.6004333496094,36.68288537166043,-0.7610439690788553,2.113561290673639,0.7919796418838128,0.7714368621126614,-0.9880695890323267,-0.4216184095714933,0,HOLD
2025-08-28,508.68792724609375,510.1352001425548,504.5556467937143,506.1426727693108,18015600,505.036767578125,507.4044250488281,38.77821925675813,-0.7217370381391675,1.546501624911078,0.8466736106413222,0.7919242173766666,-0.8705435321478256,-0.41658599043225436,0,HOLD
2025-08-29,505.7434387207031,508.64800611235046,503.5475364264987,507.7097597194238,20961600,504.92896728515626,506.14415588378904,36.85735481031002,-0.9176040596490225,1.053680487999058,0.7910368412626368,0.7898754470506341,-0.9782836998634592,-0.441662609853505,0,HOLD
2025-09-02,504.1763610839844,505.0547219959289,495.8818877505013,499.53505401941584,18128000,505.10064086914065,505.03310546875,25.8927841120163,-1.1856131437080535,0.6058217616576357,0.7614265587565946,0.7931381445345156,-1.5932800824288649,-0.4759754908611336,0,HOLD
2025-09-03,504.4059448242188,506.8413890153064,501.3816064871684,502.8488615493355,16345100,505.7614013671875,504.675439453125,31.944327095410415,-1.3637661374825711,0.2119041818295943,0.7657645948869356,0.8056960556842113,-1.253852562087772,-0.4987842045955957,0,HOLD
2025-09-04,507.0210571289063,507.2007135584804,502.2100541109688,503.3578996917829,15509500,506.00694580078124,504.9828643798828,33.15863158208306,-1.279190252031924,-0.08631470494270935,0.8151777268929293,0.8103626863158658,-1.1857429308777847,-0.4879560556029157,0,HOLD
2025-09-05,494.0752868652344,511.0135863020471,491.4501951138555,508.1190099054552,31994800,503.08441772460935,504.0605926513672,26.25193568338878,-2.231060445410151,-0.5152638530361977,0.5705645017509482,0.7548193419096209,-1.573135480030421,-0.609822852748126,0,HOLD
2025-09-08,497.2693176269531,500.2637132839748,494.10522614671714,497.1794589519428,16771000,501.38959350585935,503.15928039550784,32.41691052034521,-2.6966080239550365,-0.9515326872199655,0.6309164275084438,0.72260880266533,-1.2273456331078259,-0.6694263498537757,0,HOLD
2025-09-09,497.4789123535156,501.3117351050236,496.7702472499717,500.4932596555404,14410500,500.05010375976565,502.57537231445315,38.10205300902623,-3.0139028947820066,-1.3640067287323738,0.6348767667538479,0.6971514799786751,-0.9084693030521671,-0.7100492309223096,0,HOLD
2025-09-10,499.4352416992188,502.2899147028095,495.7920664455459,502.04038173392,21611800,499.05596313476565,502.40868225097654,44.63691668838928,-3.072088809934712,-1.7056231449728416,0.6718420473779938,0.6782575998572761,-0.5419326064543015,-0.7174987037264292,0,HOLD
2025-09-11,500.0740661621094,502.2300346920423,496.9499084839274,501.3117399538871,18881600,497.66656494140625,501.8367553710938,46.166663506500996,-3.0317061502945535,-1.9708397460371843,0.6839127785113711,0.651851755205046,-0.456129998648959,-0.7123285603342033,0,HOLD
2025-09-12,508.9474487304688,511.5924921682234,502.9087629314118,505.70352006176233,23624900,500.6409973144531,501.8627075195312,52.779508892498015,-2.2576697744646594,-2.0282057517226795,0.8515773271443686,0.7083815531755854,-0.08521935355773089,-0.6132296131747207,0,HOLD
2025-09-15,514.397216796875,514.5069966795595,506.0528491324495,507.8395136770829,17143800,504.0665771484375,502.72808532714845,60.9857136289994,-1.1907632550617109,-1.8607172523904858,0.9545519138895285,0.7734855164399205,0.37506188922041256,-0.4766348534296619,0,HOLD
2025-09-16,508.0890502929688,516.2637221986186,507.64986983793983,515.9144004162443,19711900,506.1886047363281,503.1193542480469,56.407901049248615,-0.8445134438176183,-1.6574764906759123,0.835357696641351,0.8138151577921254,0.1182950486320021,-0.4323049061301309,0,HOLD
2025-09-17,509.0671997070313,510.3348466625888,504.9848440594251,509.6660849144807,15816600,508.1149963378906,503.5854797363281,53.221998887287036,-0.4855820037573153,-1.423097593292193,0.8538400486351907,0.85042669047825,-0.06040034754238535,-0.3863513451307833,0,HOLD
2025-09-18,507.5001525878906,512.1115168727503,506.71161989545686,510.5344514878828,18913700,509.6002136230469,503.6333892822266,48.79967777025402,-0.32384082228821853,-1.203246239091398,0.8242303427656129,0.8786535998654132,-0.30844576257547396,-0.3656438160062854,0,HOLD
2025-09-19,516.96240234375,518.3298380532008,509.35664280609984,509.6061757592278,52474100,511.2032043457031,505.92210083007814,60.017810734337345,0.5613933126326742,-0.8503183287465836,1.0030216686378808,0.90911882157344,0.32077277975401275,-0.2523083533592755,0,HOLD
2025-09-22,513.4889526367188,516.772784556969,511.5824866494396,514.6268375894382,20009300,511.02155151367185,507.5440643310547,58.041758998043655,0.9714708683472395,-0.4859604893278191,0.9373900594018006,0.9056664660959529,0.2099371891027686,-0.19980661662697188,0,HOLD
2025-09-23,508.2787170410156,513.6287198501773,506.3622903955001,512.8401566617626,19799600,511.0594848632812,508.62404479980466,53.079391074223274,0.8660544799382706,-0.21555749547460115,0.8389414922747492,0.9063873984692,-0.06839913669456123,-0.21330295017264458,0,HOLD
2025-09-24,509.1969604492188,511.5225942719762,505.9730140478167,509.4265417419943,13533700,511.08543701171874,509.6002166748047,51.77812757242275,0.8468439121247684,-0.0030772139547272648,0.8562919068867134,0.9068806252513478,-0.14138624840120131,-0.21576245608748323,0,HOLD
2025-09-25,506.0827941894531,509.0572380888419,504.09652154158834,507.3504106819217,15786500,510.8019653320313,510.2010894775391,61.69099974785357,0.573718735285297,0.11228197589327761,0.7974490387595636,0.9014931782452197,0.41462097673091647,-0.250730344306586,0,HOLD
2025-09-26,510.5045166015625,512.9798945996346,505.67356201643696,509.1071380786861,16213100,509.51038818359376,510.35679626464844,62.585454877023736,0.7059236611174242,0.23101031293810695,0.8809984728897091,0.8769464459254165,0.46479044382116286,-0.233804306502207,0,HOLD
2025-09-29,513.6386108398438,515.8844074376258,507.9293260645142,510.5444265624633,17617800,509.5403198242187,510.2809356689453,64.55675809270564,1.0514715204656682,0.3951025544436192,0.9402178846288626,0.8775153039074599,0.5753596927177551,-0.18956422926047606,0,HOLD
2025-09-30,516.982421875,517.1919905812645,508.70790002171145,512.2811987663596,19728200,511.28106079101565,511.17027282714844,65.42112771149601,1.5769600795063639,0.6314740594561682,1.0033999421592823,0.9105985019198833,0.6238416810584608,-0.12228656044361555,0,HOLD
2025-10-01,518.7391357421875,519.5376290534263,510.7340986553811,513.8382741479315,22632300,513.1894958496093,512.1374664306641,66.08747067573503,2.110833303721222,0.9273459083091791,1.0365934436622584,0.9468687662162892,0.6612164697146806,-0.0539354130190431,0,HOLD
2025-10-02,514.7765502929688,520.625588764222,509.7260051791023,516.6730253227585,21222900,514.9282470703125,512.8651062011719,55.48875454429402,2.188951283396648,1.1796669833266729,0.9617195051563271,0.9799141486287648,0.06674065665907433,-0.04393406194331296,0,HOLD
2025-10-03,516.3834838867188,519.5176324904353,514.0378984273964,516.1339509263171,15112300,516.1040405273437,512.8072143554688,52.016204962441236,2.3533979497845507,1.4144131766182486,0.9920828748863789,1.00226038422765,-0.12803262629771403,-0.022880152835416893,0,HOLD
2025-10-06,527.5825805664062,530.0380069481532,517.2319577376861,517.6411650074094,21388600,518.8928344726562,514.2165771484375,68.00006535891393,3.348793814424937,1.8012893041795863,1.203692311922549,1.0552620795220329,0.7684927912264652,0.10455918370352037,0,HOLD
2025-10-07,523.0010986328125,528.8102332144322,520.4658657072805,527.3030443984364,14615200,520.0965698242187,515.6888153076172,62.06359924346708,3.7250251345896004,2.1860364702615893,1.1171241858952443,1.078139357503015,0.4355198653653493,0.15272762756607874,0,HOLD
2025-10-08,523.8695068359375,525.9656203925812,522.1128458539913,522.3024933531,13363400,521.1226440429688,517.1560699462891,64.34569532081846,4.046617562493907,2.558152688708053,1.1335329531589629,1.0976401432039533,0.5635213048066773,0.1939007197035242,0,HOLD
2025-10-09,521.4241333007812,523.3505205733983,516.4334737589328,521.3642478231245,18343600,522.4521606445312,518.6902038574219,54.45849265671115,4.057389609329675,2.8580000728323776,1.0873270731743636,1.1229079238957749,0.008953867609771156,0.19527985191682976,0,HOLD
2025-10-10,510.0054626464844,522.6019127014883,508.6779606337136,518.6692706129455,24133800,521.1765563964843,518.6402984619141,46.99603512451741,3.108700082612245,2.9081400747883515,0.8715687367685542,1.0986647603645139,-0.4096110277820113,0.07382027170249336,0,HOLD
2025-10-13,513.0896606445312,515.4452371680482,510.7240930552238,515.4452371680482,14284200,518.2779724121094,518.5854034423828,54.306597963848404,2.576030919556956,2.841718243742073,0.9298453478865317,1.0435764791441515,0.0004341827801580988,0.005623278781449274,0,HOLD
2025-10-14,512.610595703125,514.3174231454748,505.05473007895694,509.2768388871209,14684300,516.1998718261718,518.1482208251953,53.07999086705488,2.091125045261151,2.6915996040458885,0.9207933086503126,1.004081680960128,-0.06836549466407253,-0.05645863766936521,0,HOLD
2025-10-15,512.4708251953125,516.2238106749688,509.0472402819912,513.9979961583023,14694700,513.9201354980469,517.5213897705078,56.0905763701525,1.6762327665400107,2.488526236544713,0.9181523136380891,0.9607547473163174,0.1004964922532093,-0.10957679760310372,0,HOLD
2025-10-16,510.65423583984375,515.884437136842,507.1807563967364,511.6224554411716,15559600,511.7661560058594,517.1091583251953,50.150209532209324,1.187159234723481,2.2282528361804665,0.8838274513897022,0.9198178523882559,-0.2326952228601848,-0.1721922942386767,0,HOLD
2025-10-17,512.62060546875,514.5170195527368,506.3622988729776,508.0890780500653,19867800,512.2891845703125,516.7328704833984,48.95415564798718,0.9473144809370524,1.9720651651317838,0.9209824454110134,0.9297581352298755,-0.2997811884114297,-0.20289932988215903,0,HOLD
2025-10-20,515.8245239257812,517.730989827423,512.4708156147512,513.6486038577511,14665600,512.8361572265625,515.5570648193359,48.80700839490385,1.0041895566687344,1.778490043439174,0.9815212013833474,0.9401534812573757,-0.30803459210964873,-0.19561768227408305,0,HOLD
2025-10-21,516.6929321289062,517.7210372272165,512.0815676283437,516.533257830336,15586200,513.6526245117187,514.9262481689453,47.85247030166472,1.1065807740106948,1.6441081895534781,0.9979299686470657,0.9556706371011844,-0.361574077650501,-0.18250865774524624,0,HOLD
2025-10-22,519.5675659179688,524.2488070435115,516.7428964573043,520.1764726871388,18962700,515.07197265625,514.4960540771484,55.145773744007826,1.403506722064094,1.5959878960556013,1.0522468171561048,0.9826456877317762,0.04750306338985307,-0.1444935853852753,0,HOLD
2025-10-23,519.5875244140625,522.9712060783663,517.6411550810741,521.4839993377199,14023500,516.8586303710938,514.3123931884766,53.562741424464036,1.6217387639929939,1.60113806964308,1.0526239374045752,1.016601544512332,-0.0412882971469582,-0.11655359927230892,0,HOLD
2025-10-24,522.6318359375,524.3685757173844,519.7372899447384,521.8133604589415,15532400,518.8608764648437,515.5750305175782,43.27548355712791,2.017087992285724,1.6843280541716088,1.1101468846620777,1.054654709947404,-0.6182945976228866,-0.0659375126031036,0,HOLD
2025-10-27,530.527099609375,533.5813808592218,528.0217787333662,530.7866236569336,18734700,521.8013916015625,517.3187744140625,59.37820860803134,2.933669384376458,1.9341963202125787,1.2593296579377,1.1105399027372307,0.2848978691183829,0.05141130171428249,0,HOLD
2025-10-28,541.057373046875,552.6855732732587,539.7598137450263,548.9725518014023,29986700,526.6742797851563,520.1634521484375,67.26146764042952,4.458378391605606,2.4390327344911844,1.4583015301948552,1.2031503070105727,0.7270652754998655,0.24661796390633747,0,HOLD
2025-10-29,540.538330078125,545.2495444281135,535.7273269044096,543.9220119141725,36023000,530.8684326171875,522.9702026367188,69.96866652887455,5.560738107550378,3.063373809103023,1.4484940971887643,1.2828611837481818,0.8789104839527486,0.3877517538061043,0,HOLD
2025-10-30,524.77783203125,533.9705877450752,521.1446173319796,529.4889853080866,41023100,531.906494140625,524.3825622558594,64.14915537882013,5.103792307385447,3.4714575087595083,1.150695960919622,1.302589791038991,0.552497493963139,0.32924953205103324,0,HOLD
2025-10-31,516.8426513671875,528.3311587204174,514.137692119172,527.8919782690999,34006400,530.7486572265625,524.8047668457032,53.289022528514536,4.054617598357936,3.588089526679194,1.0007589471470588,1.2805848238298223,-0.05664103055355982,0.19492495468280846,0,HOLD
2025-11-03,516.0641479492188,523.9793263365088,513.628703759196,518.8389228578652,22374700,527.8560668945313,524.8287292480469,53.010800621752814,3.1243053160812906,3.4953326845596138,0.9860489509108536,1.2256104534043952,-0.07224633521318827,0.07581819099317565,0,HOLD
2025-11-04,513.3692016601562,514.5868933466259,506.8913048594995,510.80399534425794,20958700,522.3184326171875,524.4963562011719,50.749798007764625,2.1448420825081485,3.225234564149321,0.9351273379109786,1.1203663907826864,-0.19906465458341682,-0.049581309933964285,0,HOLD
2025-11-05,506.2125549316406,513.8682396575209,505.6336213981725,512.3410686781482,23024300,515.4532775878906,523.160855102539,46.596306428828136,0.78211311965606,2.736610275250669,0.7999008970110864,0.9898924790678783,-0.43203157744336274,-0.22404986167041893,0,HOLD
2025-11-06,496.1713562011719,504.755296332589,494.8837575663175,504.7153625290288,27406500,509.731982421875,520.81923828125,38.78298921154189,-1.09547229833845,1.9701937605328455,0.610170200750851,0.881157897372417,-0.8702759881629554,-0.4644348667365685,0,HOLD
2025-11-07,495.8918762207031,498.4470913363115,492.328538182722,496.02163823572937,24019800,505.5418273925781,518.1452423095703,35.842957354391956,-2.5763256892450954,1.0608898705772574,0.6048893639993352,0.8015229998310229,-1.0351806621832191,-0.6540267470652639,0,HOLD
2025-11-10,505.0547180175781,505.9031361854127,497.8681564860657,499.10586069795033,26101500,503.33994140625,515.5980041503906,42.605284632758696,-2.9762396762247363,0.25346396121685866,0.7780233095080826,0.759675630534881,-0.6558856648363467,-0.7052272543044004,0,HOLD
2025-11-11,507.7297058105469,508.64800052182136,501.411544557113,503.85694933091565,17980000,502.2120422363281,512.2652374267578,42.45930211683062,-3.0422559996190444,-0.405680030950322,0.8285678022594872,0.7382396373065292,-0.6640737391060976,-0.7136792448671199,0,HOLD
2025-11-12,510.1851501464844,510.7141588310794,498.1875853040364,508.4084461357136,26574900,503.0065612792969,509.22991943359375,44.19094607604196,-2.863432704828938,-0.8972305657260453,0.8749639722777183,0.7533396615631787,-0.5669468382807021,-0.6907847132990275,0,HOLD
2025-11-13,502.3497924804688,512.54071024479,500.3535287599438,509.3566671737073,25273100,504.24224853515625,506.9871154785157,38.169550509241716,-3.3157400488798885,-1.3809324623568142,0.7269131363839736,0.7768241931200172,-0.9046834075887731,-0.7486930790911303,0,HOLD
2025-11-14,509.2268981933594,510.644258818196,496.51070821491913,497.2992409027003,28505700,506.9092529296875,506.2255401611328,37.42631504562983,-3.083724662719021,-1.7214909024292555,0.8568575872594179,0.827511248901002,-0.9463710517376466,-0.7189884279774265,0,HOLD
2025-11-17,506.54193115234375,511.16328656765256,503.9667643395777,507.5001596757347,19092800,507.2066955566406,505.2733184814453,27.54544111212543,-3.0809894698509765,-1.9933906159136,0.806124534383778,0.8331642170981785,-1.5005835141221207,-0.7186382445209827,0,HOLD
2025-11-18,492.8675537109375,502.0403882023454,485.87063942574486,494.44458869198826,33815100,504.23426513671876,503.22315368652346,23.51962943836891,-4.134569049455763,-2.4216263026220326,0.5477441136267687,0.7766724667251328,-1.7263889454861712,-0.8535267721765744,0,HOLD
2025-11-19,486.2099914550781,494.264922953439,481.9279972054541,489.1844353923468,23245300,499.4392333984375,501.2228973388672,26.16579655727257,-5.443993127397448,-3.0260996675771157,0.42194798548449697,0.6855417427982342,-1.577966973430072,-1.0211707635460634,0,HOLD
2025-11-20,478.4299926757813,493.5700073242188,475.5,492.7099914550781,26802500,494.6552734375,499.4487609863281,26.21607873389847,-7.02848205829406,-3.8265761457205043,0.27494316813926173,0.5946214406452802,-1.57514667543726,-1.2240309775371128,0,HOLD
2025-11-21,472.1199951171875,478.9200134277344,468.2699890136719,478.5,31769200,487.2338928222656,497.0715728759766,24.535436286243467,-8.693155731809782,-4.79989206293836,0.15571435270314896,0.45357632876333337,-1.6694129311926762,-1.4371571477802674,0,HOLD
2025-11-24,474.0,476.8999938964844,468.0199890136719,475.0,34421000,480.7255065917969,493.9661010742187,26.968986098957345,-9.748348041128281,-5.789583258576345,0.19123746552695087,0.3298828933177793,-1.5329165399710247,-1.5722521512833416,0,HOLD
2025-11-25,476.989990234375,479.1499938964844,464.8900146484375,474.0700073242188,28019800,477.54999389648435,490.8921295166016,32.028675589337496,-10.225455637525954,-6.676757734366268,0.2477339998757726,0.26953151577577833,-1.2491215042043962,-1.6333356635848246,0,HOLD
2025-11-26,485.5,488.30999755859375,481.2000122070313,486.30999755859375,25709100,477.4079956054687,488.4236145019531,43.31135018614607,-9.803867298556668,-7.302179647204348,0.4085325381134537,0.26683280432548145,-0.6162828592969697,-1.5793602151031207,0,HOLD
2025-11-28,492.010009765625,492.6300048828125,486.6499938964844,487.6000061035156,14386700,480.1239990234375,487.38963623046874,47.74317056425534,-8.842521042578653,-7.610247926279209,0.5315406289447864,0.31845109825488577,-0.3677046362443343,-1.4562802090491567,0,HOLD
2025-12-01,486.739990234375,489.8599853515625,484.6499938964844,488.4400024414063,23964000,483.047998046875,485.1409454345703,38.84742108366376,-8.40896047936127,-7.769990436895622,0.43196243098172066,0.37402239836538764,-0.8666620419933133,-1.4007719710821114,0,HOLD
2025-12-02,490.0,493.5,486.3200073242188,486.7200012207031,19562700,486.247998046875,483.48675231933595,39.2800429494215,-7.7133899088778435,-7.758670331292066,0.4935610447777374,0.4348391629840519,-0.8423965335862118,-1.3117189067010948,0,HOLD
2025-12-03,477.7300109863281,484.239990234375,475.2000122070313,476.3200073242188,34615100,486.3960021972656,481.972998046875,32.458464018354064,-8.059327874303392,-7.818801839894332,0.26171685752891805,0.43765201722683006,-1.2250149216133612,-1.3560089287551738,0,HOLD
2025-12-04,480.8399963378906,481.3200073242188,476.489990234375,479.760009765625,22318200,485.46400146484376,481.4359985351563,37.7484567159693,-7.990427700944565,-7.8531270121043795,0.32048072646028625,0.4199391206117919,-0.9283023131263682,-1.347187722346567,0,HOLD
2025-12-05,483.1600036621094,483.3999938964844,478.8800048828125,482.5199890136719,22608700,483.6940002441406,481.90899963378905,34.33986754972041,-7.660315269162311,-7.814564663515966,0.364317783844402,0.38629982448233835,-1.1194880936349398,-1.3049238243497792,0,HOLD
2025-12-08,491.0199890136719,492.2999877929688,484.3800048828125,484.8900146484375,21965900,484.55,483.7989990234375,41.22081431846665,-6.6873757544599925,-7.589126881704772,0.5128339653658475,0.4025683043778804,-0.7335397981797797,-1.1803595473111417,0,HOLD
2025-12-09,492.0199890136719,492.1199951171875,488.5,489.1000061035156,14696100,484.95399780273436,485.6009979248047,49.44038563774804,-5.769119715824672,-7.225125448528752,0.5317291890690216,0.41024637915142814,-0.2725088315608075,-1.0627963300088121,0,HOLD
